<?xml version="1.0" encoding="UTF-8"?>
<GenRun Id="synth_1" LaunchPart="xc7a35tcpg236-1" LaunchTime="1748266669">
  <File Type="PA-TCL" Name="Nanoprocessor_Interface.tcl"/>
  <File Type="RDS-PROPCONSTRS" Name="Nanoprocessor_Interface_drc_synth.rpt"/>
  <File Type="REPORTS-TCL" Name="Nanoprocessor_Interface_reports.tcl"/>
  <File Type="RDS-RDS" Name="Nanoprocessor_Interface.vds"/>
  <File Type="RDS-UTIL" Name="Nanoprocessor_Interface_utilization_synth.rpt"/>
  <File Type="RDS-UTIL-PB" Name="Nanoprocessor_Interface_utilization_synth.pb"/>
  <File Type="RDS-DCP" Name="Nanoprocessor_Interface.dcp"/>
  <File Type="VDS-TIMINGSUMMARY" Name="Nanoprocessor_Interface_timing_summary_synth.rpt"/>
  <File Type="VDS-TIMING-PB" Name="Nanoprocessor_Interface_timing_summary_synth.pb"/>
  <FileSet Name="sources" Type="DesignSrcs" RelSrcDir="$PSRCDIR/sources_1">
    <Filter Type="Srcs"/>
    <File Path="$PSRCDIR/sources_1/new/3_Bit_Adder.vhd">
      <FileInfo>
        <Attr Name="ImportPath" Val="$PPRDIR/../MP5_Final/MP2_Final/Microprocessor_Final/Microprocessor_Final.srcs/sources_1/new/3_Bit_Adder.vhd"/>
        <Attr Name="ImportTime" Val="1747634162"/>
        <Attr Name="UsedIn" Val="synthesis"/>
        <Attr Name="UsedIn" Val="simulation"/>
      </FileInfo>
    </File>
    <File Path="$PSRCDIR/sources_1/new/Add_Sub.vhd">
      <FileInfo>
        <Attr Name="ImportPath" Val="$PPRDIR/../MP5_Final/MP2_Final/Microprocessor_Final/Microprocessor_Final.srcs/sources_1/new/Add_Sub.vhd"/>
        <Attr Name="ImportTime" Val="1747634162"/>
        <Attr Name="UsedIn" Val="synthesis"/>
        <Attr Name="UsedIn" Val="simulation"/>
      </FileInfo>
    </File>
    <File Path="$PSRCDIR/sources_1/new/Clk_SevenSeg.vhd">
      <FileInfo>
        <Attr Name="ImportPath" Val="$PPRDIR/../MP5_Final/MP2_Final/MP2_Final/MP2_Final.srcs/sources_1/new/Clk_SevenSeg.vhd"/>
        <Attr Name="ImportTime" Val="1748241870"/>
        <Attr Name="UsedIn" Val="synthesis"/>
        <Attr Name="UsedIn" Val="simulation"/>
      </FileInfo>
    </File>
    <File Path="$PSRCDIR/sources_1/new/Decoder_3_8.vhd">
      <FileInfo>
        <Attr Name="ImportPath" Val="$PPRDIR/../MP5_Final/MP2_Final/Microprocessor_Final/Microprocessor_Final.srcs/sources_1/new/Decoder_3_8.vhd"/>
        <Attr Name="ImportTime" Val="1747634162"/>
        <Attr Name="UsedIn" Val="synthesis"/>
        <Attr Name="UsedIn" Val="simulation"/>
      </FileInfo>
    </File>
    <File Path="$PSRCDIR/sources_1/new/FA.vhd">
      <FileInfo>
        <Attr Name="ImportPath" Val="$PPRDIR/../MP5_Final/MP2_Final/Microprocessor_Final/Microprocessor_Final.srcs/sources_1/new/FA.vhd"/>
        <Attr Name="ImportTime" Val="1747634163"/>
        <Attr Name="UsedIn" Val="synthesis"/>
        <Attr Name="UsedIn" Val="simulation"/>
      </FileInfo>
    </File>
    <File Path="$PSRCDIR/sources_1/new/HA.vhd">
      <FileInfo>
        <Attr Name="ImportPath" Val="$PPRDIR/../MP5_Final/MP2_Final/Microprocessor_Final/Microprocessor_Final.srcs/sources_1/new/HA.vhd"/>
        <Attr Name="ImportTime" Val="1747634163"/>
        <Attr Name="UsedIn" Val="synthesis"/>
        <Attr Name="UsedIn" Val="simulation"/>
      </FileInfo>
    </File>
    <File Path="$PSRCDIR/sources_1/new/Instruction_Decoder.vhd">
      <FileInfo>
        <Attr Name="ImportPath" Val="$PPRDIR/../MP5_Final/MP2_Final/Microprocessor_Final/Microprocessor_Final.srcs/sources_1/new/Instruction_Decoder.vhd"/>
        <Attr Name="ImportTime" Val="1747634163"/>
        <Attr Name="UsedIn" Val="synthesis"/>
        <Attr Name="UsedIn" Val="simulation"/>
      </FileInfo>
    </File>
    <File Path="$PSRCDIR/sources_1/new/Mux_2_way_3_bit.vhd">
      <FileInfo>
        <Attr Name="ImportPath" Val="$PPRDIR/../MP5_Final/MP2_Final/Microprocessor_Final/Microprocessor_Final.srcs/sources_1/new/Mux_2_way_3_bit.vhd"/>
        <Attr Name="ImportTime" Val="1747634163"/>
        <Attr Name="UsedIn" Val="synthesis"/>
        <Attr Name="UsedIn" Val="simulation"/>
      </FileInfo>
    </File>
    <File Path="$PSRCDIR/sources_1/new/Mux_2_way_4_bit.vhd">
      <FileInfo>
        <Attr Name="ImportPath" Val="$PPRDIR/../MP5_Final/MP2_Final/Microprocessor_Final/Microprocessor_Final.srcs/sources_1/new/Mux_2_way_4_bit.vhd"/>
        <Attr Name="ImportTime" Val="1747634163"/>
        <Attr Name="UsedIn" Val="synthesis"/>
        <Attr Name="UsedIn" Val="simulation"/>
      </FileInfo>
    </File>
    <File Path="$PSRCDIR/sources_1/new/Mux_8_way_4_bit.vhd">
      <FileInfo>
        <Attr Name="ImportPath" Val="$PPRDIR/../MP5_Final/MP2_Final/Microprocessor_Final/Microprocessor_Final.srcs/sources_1/new/Mux_8_way_4_bit.vhd"/>
        <Attr Name="ImportTime" Val="1747634163"/>
        <Attr Name="UsedIn" Val="synthesis"/>
        <Attr Name="UsedIn" Val="simulation"/>
      </FileInfo>
    </File>
    <File Path="$PSRCDIR/sources_1/new/Nanoprocessor.vhd">
      <FileInfo>
        <Attr Name="ImportPath" Val="$PPRDIR/../MP5_Final/MP2_Final/Microprocessor_Final/Microprocessor_Final.srcs/sources_1/new/Nanoprocessor.vhd"/>
        <Attr Name="ImportTime" Val="1747634163"/>
        <Attr Name="UsedIn" Val="synthesis"/>
        <Attr Name="UsedIn" Val="simulation"/>
      </FileInfo>
    </File>
    <File Path="$PSRCDIR/sources_1/imports/new/Program_Counter_Debug.vhd">
      <FileInfo>
        <Attr Name="ImportPath" Val="$PPRDIR/../MP3_Final/MP3_Final/MP3_Final.srcs/sources_1/new/Program_Counter_Debug.vhd"/>
        <Attr Name="ImportTime" Val="1748170930"/>
        <Attr Name="UsedIn" Val="synthesis"/>
        <Attr Name="UsedIn" Val="simulation"/>
      </FileInfo>
    </File>
    <File Path="$PSRCDIR/sources_1/new/Program_ROM.vhd">
      <FileInfo>
        <Attr Name="ImportPath" Val="$PPRDIR/../MP5_Final/MP2_Final/Microprocessor_Final/Microprocessor_Final.srcs/sources_1/new/Program_ROM.vhd"/>
        <Attr Name="ImportTime" Val="1747634163"/>
        <Attr Name="UsedIn" Val="synthesis"/>
        <Attr Name="UsedIn" Val="simulation"/>
      </FileInfo>
    </File>
    <File Path="$PSRCDIR/sources_1/new/Register_4bit.vhd">
      <FileInfo>
        <Attr Name="ImportPath" Val="$PPRDIR/../MP5_Final/MP2_Final/Microprocessor_Final/Microprocessor_Final.srcs/sources_1/new/Register_4bit.vhd"/>
        <Attr Name="ImportTime" Val="1747634163"/>
        <Attr Name="UsedIn" Val="synthesis"/>
        <Attr Name="UsedIn" Val="simulation"/>
      </FileInfo>
    </File>
    <File Path="$PSRCDIR/sources_1/new/Register_Bank.vhd">
      <FileInfo>
        <Attr Name="ImportPath" Val="$PPRDIR/../MP5_Final/MP2_Final/Microprocessor_Final/Microprocessor_Final.srcs/sources_1/new/Register_Bank.vhd"/>
        <Attr Name="ImportTime" Val="1747634163"/>
        <Attr Name="UsedIn" Val="synthesis"/>
        <Attr Name="UsedIn" Val="simulation"/>
      </FileInfo>
    </File>
    <File Path="$PSRCDIR/sources_1/new/Seven_segment_output_v1.vhd">
      <FileInfo>
        <Attr Name="ImportPath" Val="$PPRDIR/../MP5_Final/MP2_Final/Microprocessor_Final/Microprocessor_Final.srcs/sources_1/new/Seven_segment_output_v1.vhd"/>
        <Attr Name="ImportTime" Val="1747634163"/>
        <Attr Name="UsedIn" Val="synthesis"/>
        <Attr Name="UsedIn" Val="simulation"/>
      </FileInfo>
    </File>
    <File Path="$PSRCDIR/sources_1/imports/new/Slow_Clk.vhd">
      <FileInfo>
        <Attr Name="ImportPath" Val="$PPRDIR/../Lab 6/Lab 6.srcs/sources_1/new/Slow_Clk.vhd"/>
        <Attr Name="ImportTime" Val="1745475448"/>
        <Attr Name="UsedIn" Val="synthesis"/>
        <Attr Name="UsedIn" Val="simulation"/>
      </FileInfo>
    </File>
    <File Path="$PSRCDIR/sources_1/new/Nanoprocessor_Interface.vhd">
      <FileInfo>
        <Attr Name="ImportPath" Val="$PPRDIR/../MP5_Final/MP2_Final/Microprocessor_Final/Microprocessor_Final.srcs/sources_1/new/Nanoprocessor_Interface.vhd"/>
        <Attr Name="ImportTime" Val="1747634163"/>
        <Attr Name="UsedIn" Val="synthesis"/>
        <Attr Name="UsedIn" Val="simulation"/>
      </FileInfo>
    </File>
    <Config>
      <Option Name="DesignMode" Val="RTL"/>
      <Option Name="TopModule" Val="Nanoprocessor_Interface"/>
    </Config>
  </FileSet>
  <FileSet Name="constrs_in" Type="Constrs" RelSrcDir="$PSRCDIR/constrs_1">
    <Filter Type="Constrs"/>
    <File Path="$PSRCDIR/constrs_1/imports/MP_Final/Nanoprocessor.xdc">
      <FileInfo>
        <Attr Name="ImportPath" Val="$PPRDIR/../MP5_Final/MP2_Final/MP_Final/Nanoprocessor.xdc"/>
        <Attr Name="ImportTime" Val="1747649475"/>
        <Attr Name="UsedIn" Val="synthesis"/>
        <Attr Name="UsedIn" Val="implementation"/>
      </FileInfo>
    </File>
    <Config>
      <Option Name="ConstrsType" Val="XDC"/>
    </Config>
  </FileSet>
  <Strategy Version="1" Minor="2">
    <StratHandle Name="Vivado Synthesis Defaults" Flow="Vivado Synthesis 2018"/>
    <Step Id="synth_design"/>
  </Strategy>
</GenRun>
